Video ID,Title,Published,Views,Length,Watch,Set,Packs,Box / Series,Opening Type,Box #,Pack #,Packs Opened,Has Hit,Hit Card,Hit Rarity,Set 2,Packs 2,Set 3,Packs 3,Set 4,Packs 4,Set 5,Packs 5,Greatest Hits,Greatest Hits Rank,Playlist To Add,Affiliate Link,Site Title,Short Description,Feature,Hide,Notes
iIgTusrqVtg,"I Just Pulled a $1,000 Card! 😱🐸",2026-08-18,37,0:28,,Chaos Rising,9,,ETB (Elite Trainer Box),3,3,,,,,,,,,,,,,,1,,,,,,,
DP8HG31X1rg,Is Pack #13 Actually CURSED? 💀🌑,2026-08-17,793,0:20,,Chaos Rising,1,,Single Booster Pack,,,,,,,,,,,,,,,,,,,,,,,
VZtK6rT7ZTI,Trubbish Food 🗑️🤘 | Pitch Black Pack #8,2026-08-16,901,0:21,,Pitch Black,9,,ETB (Elite Trainer Box),,,,,,,,,,,,,,,,,,,,,,,
E5Wz7X1VMeY,8 Packs and NO HITS?! 🌑💀,2026-08-15,775,0:19,,Pitch Black,1,,Single Booster Pack,,,,Yes,,,,,,,,,,,,,,,,,,,
T2-UqY2ZSOw,The Chaos Rising Struggle is REAL 💀,2026-08-14,1009,0:21,,Chaos Rising,9,,ETB (Elite Trainer Box),,,,,,,,,,,,,,,,,,,,,,,
O5WscUY7qZI,The Cutest Pull Ever?! 🐭✨ Chaos Rising,2026-08-13,727,0:20,,Chaos Rising,1,,Single Booster Pack,,,,Yes,,,,,,,,,,,,,,,,,,,
IQMn3DNCzik,This ETB is BREAKING me! 🌑💀,2026-08-12,666,0:20,,Pitch Black,9,,ETB (Elite Trainer Box),,,,,,,,,,,,,,,,,,,,,,,
2XdMKde79M8,Pitch Black is SAVAGE Today! 🌑💀,2026-08-11,15,0:18,,Pitch Black,1,,Single Booster Pack,,,,Yes,,,,,,,,,,,,,,,,,,,
RZInASE6x1c,Chaos Rising ETB #3: The First Pack Reality 💀,2026-08-10,1117,0:21,,Chaos Rising,9,,ETB (Elite Trainer Box),,,,,,,,,,,,,,,,,,,,,,,
oSPbl9reyIM,"The most DISAPPOINTING ""Hit"" 💀 Pitch Black",2026-08-09,686,0:22,,Pitch Black,9,,ETB (Elite Trainer Box),,,,,,,,,,,,,,,,,,,,,,,
inTMqcQmFhM,Did this Bundle have ANY hits?! 📉💀,2026-08-08,951,0:23,,Pitch Black,6,,Booster Bundle,,,,Yes,,,,,,,,,,,,,,,,,,,
b8CfpcK7-h0,Pitch Black is SAVAGE Today! 🌑💀,2026-08-07,650,0:18,,Pitch Black,1,,Single Booster Pack,,,,Yes,,,,,,,,,,,,,,,,,,,
aa9jzXRFtrg,The Box Ends with a Garbage Rip... 🗑️,2026-08-06,759,0:23,,Perfect Order,,,ex Premium Collection,,,,,,,,,,,,,,,,,,,,,,,
znsnYB6boh4,Where did the hits go?! 📉 Pitch Black ETB,2026-08-05,771,0:22,,Pitch Black,9,,ETB (Elite Trainer Box),,,,Yes,,,,,,,,,,,,,,,,,,,
16jOkWyE1Cs,"The ""Pitch Black"" Curse is Real! 🌒💀",2026-08-04,829,0:21,,Pitch Black,6,,Booster Bundle,,,,Yes,,,,,,,,,,,,,,,,,,,
LmdyCAqDodM,GOLD STAR IN A SINGLE PACK?! 😱 Bastion IR,2026-08-03,656,0:21,,Pitch Black,1,,Single Booster Pack,,,,Yes,,,,,,,,,,,,,,,,,,,
k6p_6HEntYw,Mega Skarmory ex Double Rare Pull! 🦅,2026-08-02,880,0:22,,Perfect Order,,,ex Premium Collection,,,,Yes,,,,,,,,,,,,,,,,,,,
ndzNjhARITQ,Toucannon Illustration Rare! 🌴 | Pitch Black ETB,2026-08-01,893,0:24,,Pitch Black,9,,ETB (Elite Trainer Box),,,,Yes,,,,,,,,,,,,,,,,,,,
fY-u0pxphVo,Is the Pitch Black Bundle a Dud Now? 📉,2026-07-31,767,0:22,,Pitch Black,6,,Booster Bundle,,,,,,,,,,,,,,,,,,,,,,,
76ziDoR2YJg,Where is the Mega Darkrai SIR?! 🌒😱,2026-07-30,842,0:18,,Pitch Black,1,,Single Booster Pack,,,,Yes,,,,,,,,,,,,,,,,,,,
3pUiN-8XkEk,DID WE GET THE ZARD?! 🐉🔥 (Final Pack),2026-07-29,995,0:29,,Phantasmal Flames,,,ex Premium Collection,,,,Yes,,,,,,,,,,,,,,,,,,,
019sIQP5PwA,THE STREAK IS BROKEN! 😱 Mega Floette ex,2026-07-28,996,0:25,,Chaos Rising,,,ex Premium Collection,,,,Yes,,,,,,,,,,,,,,,,,,,
3dAQ-PS0fpU,Chaos Rising Lived Up To Its Name... 🗑️,2026-07-27,857,0:20,,Chaos Rising,,,Tin,,,,,,,,,,,,,,,,,,,,,,,
JfHlnrlX6S0,THE CURSE IS BROKEN! 😱 Pitch Black Hit!,2026-07-26,31,0:22,,Pitch Black,6,,Booster Bundle,,,,Yes,,,,,,,,,,,,,,,,,,,
vTy3MKGN73k,0 Hits Left in the ETB?! 😱,2026-07-25,896,0:19,,Pitch Black,9,,ETB (Elite Trainer Box),,,,,,,,,,,,,,,,,,,,,,,
1_ivvCs7Gp4,Only Garbage Rips? 😬 | Pitch Black Pack #3,2026-07-24,641,0:19,,Pitch Black,1,,Single Booster Pack,,,,Yes,,,,,,,,,,,,,,,,,,,
R2VxbNMrlXQ,I FOUND AN SIR! 💎 (But Not The Zard...),2026-07-23,1125,0:27,,Phantasmal Flames,,,ex Premium Collection,,,,Yes,,,,,,,,,,,,,,,,,,,
m41IeIUpqRI,This Mini Tin is GLOWING! ✨ Mega Starmie ex,2026-07-22,692,0:20,,Perfect Order,,,Tin,,,,,,,Chaos Rising,,,,,,,,,,,,,,,,
LGGJhVyJwDc,Where Did the Hits Go?! 😱 Mega Greninja Box,2026-07-22,591,0:20,,Chaos Rising,,,ex Premium Collection,,,,,,,,,,,,,,,,,,,,,,,
SQ-_tTDutFA,Only Garbage Rips? 😬 | Pitch Black Pack #2,2026-07-21,653,0:19,,Pitch Black,9,,ETB (Elite Trainer Box),,,,Yes,,,,,,,,,,,,,,,,,,,
405aRLjbdmM,From First Pack Magic to THIS... 🗑️,2026-07-21,645,0:21,,Pitch Black,9,,ETB (Elite Trainer Box),,,,,,,,,,,,,,,,,,,,,,,
yrfwnJKXRgo,The Magic is Officially DEAD 💀 Pitch Black,2026-07-21,721,0:20,,Pitch Black,6,,Booster Bundle,,,,,,,,,,,,,,,,,,,,,,,
92-pjMEGpDI,Perfect Order Luck Ran Out... 🗑️,2026-07-20,819,0:22,,Phantasmal Flames,,,ex Premium Collection,,,,Yes,,,Perfect Order,,,,,,,,,,,,,,,,
2S4poqmGKWE,The Tin Luck Finally Ran Out! ❌,2026-07-19,688,0:20,,Twilight Masquerade,,,Poke Ball Tin,,,,,,,,,,,,,,,,,,,,,,,
XxYqEIFgWvg,The Mega Greninja Streak is DEAD 💀,2026-07-19,682,0:21,,Chaos Rising,,,ex Premium Collection,,,,,,,,,,,,,,,,,,,,,,,
q1WTwiauv3w,I Found First Pack Magic! ✨ Pitch Black ETB,2026-07-18,861,0:23,,Pitch Black,9,,ETB (Elite Trainer Box),,,,Yes,,,,,,,,,,,,,,,,,,,
EtFK6nFW6IQ,I Can't Stop Hitting! ✨ Pitch Black Booster Bundle,2026-07-18,831,0:22,,Pitch Black,6,,Booster Bundle,,,,,,,,,,,,,,,,,,,,,,,
z9fpigSEZ3Y,A Hit is a Hit! 💎 | Mega Zygarde Box #2 Pack #5,2026-07-17,765,0:19,,Perfect Order,,,ex Premium Collection,,,,Yes,,,,,,,,,,,,,,,,,,,
GTC45Mri_gc,Thievul IR! 🦊 Pitch Black First Pack Magic!,2026-07-17,625,0:23,,Pitch Black,1,,Single Booster Pack,,,,Yes,,,,,,,,,,,,,,,,,,,
RtJn1UOi2S8,Surging Sparks... or Garbage Rip? ⚡️😬,2026-07-16,773,0:21,,Surging Sparks,,,Poke Ball Tin,,,,,,,Twilight Masquerade,,,,,,,,,,,,,,,,
rUOMBBOjrXI,The Streak is OVER! 😭 | Mega Greninja Box Pack #3,2026-07-16,987,0:21,,Chaos Rising,,,ex Premium Collection,,,,Yes,,,,,,,,,,,,,,,,,,,
pRkDVGXWufQ,BACK-TO-BACK HITS! 😱 | Mega Greninja Box Pack #2,2026-07-15,922,0:22,,Chaos Rising,,,ex Premium Collection,,,,Yes,,,,,,,,,,,,,,,,,,,
X0KK70SjzEM,ANOTHER HIT! 💎 | Mega Zygarde Box #2 Pack #4,2026-07-15,773,0:22,,Perfect Order,,,ex Premium Collection,,,,,,,,,,,,,,,,,,,,,,,
STMGjXcUAm4,Only Garbage Rips? 😬 | Mega Zygarde Pack #3,2026-07-14,807,0:20,,Perfect Order,,,ex Premium Collection,,,,Yes,,,,,,,,,,,,,,,,,,,
O1hNutypTR8,FIRST PACK MAGIC! ✨ | Lumiose City Ultra Rare! 🏙️,2026-07-14,781,0:23,,Perfect Order,,,Poke Ball Tin,,,,,,,,,,,,,,,,,,,,,,,
xqV7AYXoVJs,Only Garbage Rips? 😬 | Mega Emboar Box #2 FINALE,2026-07-13,628,0:20,,Ascended Heroes,,,ex Premium Collection,,,,,,,,,,,,,,,,,,,,,,,
RP08BTumj2U,FIRST PACK MAGIC! ✨ | Ampharos Illustration Rare!,2026-07-13,859,0:24,,Chaos Rising,,,ex Premium Collection,,,,Yes,,,,,,,,,,,,,,,,,,,
nBKJMnw9L2Y,Finally! An ex Hit! ⚡ | Mega Emboar Box #2,2026-07-12,706,0:22,,Ascended Heroes,,,ex Premium Collection,,,,,,,,,,,,,,,,,,,,,,,
9CpAz0MxnTE,Ultra Rare Trainer Pull! 💎 | Mega Zygarde Box #2 Pack #2,2026-07-12,714,0:21,,,,,ex Premium Collection,,,,Yes,,,,,,,,,,,,,,,,,,,
gFZ_jiV7DEY,LAST PACK MAGIC! 🚀 | Team Rocket Ultra Rare Pull!,2026-07-11,1646,0:25,,,,,ex Premium Collection,,,,,,,,,,,,,,,,,,,,,,,
DTBxGFtTOc8,Only Garbage Rips? 😬 | Mega Zygarde Box #2 Pack #1,2026-07-11,843,0:20,,Phantasmal Flames,,,ex Premium Collection,,,,Yes,,,Perfect Order,,,,,,,,,,,,,,,,
uTGe-WswoVY,Pokemon Ascended Heroes ⚡ | The Dry Spell Continues...,2026-07-10,723,0:20,,Ascended Heroes,,,ex Premium Collection,,,,,,,,,,,,,,,,,,,,,,,
xGmQaLcx-c8,The Final Verdict: Was this ETB a Dud? 😳,2026-07-10,783,0:23,,Chaos Rising,9,,ETB (Elite Trainer Box),,,,Yes,,,,,,,,,,,,,,,,,,,
iV0h672wrGA,Only Garbage Rips? 😬 | Chaos Rising ETB #2 Pack #8,2026-07-09,754,0:22,,Chaos Rising,9,,ETB (Elite Trainer Box),,,,,,,,,,,,,,,,,,,,,,,
u9zpVOVsWyg,SCORBUNNY ILLUSTRATION RARE! 🔥 | Mega Meganium Box #2,2026-07-09,536,0:24,,Ascended Heroes,,,ex Premium Collection,,,,Yes,,,,,,,,,,,,,,,,,,,
MCe_0kpYnwE,Pack #7... Is This ETB a Dud? 😭,2026-07-08,775,0:20,,Chaos Rising,9,,ETB (Elite Trainer Box),,,,,,,,,,,,,,,,,,,,,,,
WhfY82RrS4w,Pokemon Ascended Heroes ⚡ | Mega Emboar Pack #1 Reality Check,2026-07-08,1023,0:21,,Ascended Heroes,,,ex Premium Collection,,,,,,,,,,,,,,,,,,,,,,,
x3gI4dEKNMs,Only Garbage Rips? 😬 | Chaos Rising ETB #2 Pack #6,2026-07-07,735,0:21,,Chaos Rising,9,,ETB (Elite Trainer Box),,,,,,,,,,,,,,,,,,,,,,,
Nqu1vGtbAME,Mega Meganium ex Box #2 🌿🔥 | Pack #2 (WE GOT ONE!),2026-07-07,611,0:23,,,,,ex Premium Collection,,,,,,,,,,,,,,,,,,,,,,,
LvWz0hfaQVE,The Hit Streak is OVER! 😭 | Chaos Rising ETB #2,2026-07-06,760,0:22,,Chaos Rising,9,,ETB (Elite Trainer Box),,,,,,,,,,,,,,,,,,,,,,,
blSCuSk5nb0,Mega Meganium Box #2: Where are the hits?! 🌿,2026-07-06,495,0:20,,Ascended Heroes,,,ex Premium Collection,,,,,,,,,,,,,,,,,,,,,,,
rlJDEb0q1d0,I Pulled This Card AGAIN! 😳 | Chaos Rising ETB #2,2026-07-05,1109,0:23,,Chaos Rising,9,,ETB (Elite Trainer Box),,,,Yes,,,,,,,,,,,,,,,,,,,
UpdeUMc-6ys,The Poke Ball Tin Luck Finally Ran Out... 😭,2026-07-05,812,0:23,,Twilight Masquerade,,,Poke Ball Tin,,,,,,,,,,,,,,,,,,,,,,,
M7NqqhR8V4M,6 BOXES... and STILL No OG Starters?! 😭,2026-07-04,19,0:44,,,,,Collection Box,,,,,,,,,,,,,,,,,,,,,,,
lrl5v4z317s,BACK TO BACK HITS! ⚡🔥 | Poke Ball Tin Part 2,2026-07-04,960,0:24,,Surging Sparks,,,Poke Ball Tin,,,,,,,,,,,,,,,,,,,,,,,
EJ0AKqX2a_Q,Are Poke Ball Tins Actually LOADED? 😳,2026-07-03,936,0:21,,Perfect Order,,,Poke Ball Tin,,,,,,,,,,,,,,,,,,,,,,,
msETNgFSWD0,FINALLY! A Hit in Chaos Rising ETB #2 ⚡🔥,2026-07-03,1206,0:25,,Chaos Rising,9,,ETB (Elite Trainer Box),,,,,,,,,,,,,,,,,,,,,,,
Wwc1wVyI6CQ,Is this ETB actually LOADED? 😳,2026-07-02,873,0:21,,Chaos Rising,9,,ETB (Elite Trainer Box),,,,,,,,,,,,,,,,,,,,,,,
xNGxOuMpSiw,My 5th Box... PLEASE Be The OGs! 😭,2026-07-02,848,0:46,,,,,Collection Box,,,,,,,,,,,,,,,,,,,,,,,
CbwSuTI8QKU,Pokemon Chaos Rising ETB #2 ⚡🔥 | Pack #1 (First Pack Magic?!),2026-07-01,23,0:23,,Chaos Rising,9,,ETB (Elite Trainer Box),,,,,,,,,,,,,,,,,,,,,,,
Ec_2Is8DmI8,Just ONE Pack to find a HIT... 🎯,2026-07-01,290,0:20,,Chaos Rising,1,,Single Booster Pack,,,,,,,,,,,,,,,,,,,,,,,
gLlqJvSuAek,Perfect Order Pack #10 😳 | Can This Single Pack Hit?!,2026-06-30,28,0:18,,Perfect Order,1,,Single Booster Pack,,,,,,,,,,,,,,,,,,,,,,,
I14rr28Qduw,Pokemon Chaos Rising Pack #10 ⚡ | Is This The One?!,2026-06-30,23,0:22,,Chaos Rising,1,,Single Booster Pack,,,,,,,,,,,,,,,,,,,,,,,
NdXTKzUodpQ,Only Garbage Rips? 😭 | Perfect Order Pack #9,2026-06-29,32,0:19,,Perfect Order,1,,Single Booster Pack,,,,,,,,,,,,,,,,,,,,,,,
EifpW6bQhPE,Chaos Rising Pack #9 😳 | Can This Single Pack Hit?!,2026-06-29,38,0:25,,Chaos Rising,1,,Single Booster Pack,,,,,,,,,,,,,,,,,,,,,,,
6bMl7VF_ov0,Pokemon Perfect Order Booster Pack #8 ⚡ | One Pack Magic?!,2026-06-28,822,0:21,,Perfect Order,1,,Single Booster Pack,,,,,,,,,,,,,,,,,,,,,,,
HHjdWa5tfXY,Pokemon Chaos Rising Booster Pack #8 ⚡🔥 | One Pack Magic?!,2026-06-28,14,0:23,,Chaos Rising,1,,Single Booster Pack,,,,,,,,,,,,,,,,,,,,,,,
JRMvkxmqFhQ,Pokemon Perfect Order ⚡🔥 | Pack #7 (Pressure Mode 😬),2026-06-27,89,0:21,,Perfect Order,1,,Single Booster Pack,,,,,,,,,,,,,,,,,,,,,,,
a4iR-qPthjY,Only Garbage Rips? 😭 | Chaos Rising Pack #7,2026-06-27,349,0:21,,Chaos Rising,1,,Single Booster Pack,,,,,,,,,,,,,,,,,,,,,,,
cz75wI3fz7k,FINAL Chaos Rising ETB Pack ⚡🔥 | Last Pack Magic?! 😳,2026-06-26,39,0:21,,Chaos Rising,9,,ETB (Elite Trainer Box),,,,,,,,,,,,,,,,,,,,,,,
czBVJAWDB8U,FINAL Mega Emboar ex Box Pack 🔥🐉 | Last Pack Magic?! 😳,2026-06-26,14,0:24,,Ascended Heroes,,,ex Premium Collection,,,,Yes,,,,,,,,,,,,,,,,,,,
w3dQBhumsug,Mega Emboar ex Box 🔥🐉 | Pack #3 (We NEED The Mega Dragonite SIR),2026-06-25,61,0:22,,Ascended Heroes,,,ex Premium Collection,,,,Yes,,,,,,,,,,,,,,,,,,,
7nGg08wavGM,FINAL Mega Feraligatr ex Box Pack 🐉🔥 | Last Pack Magic?! 😳,2026-06-25,855,0:21,,Ascended Heroes,,,ex Premium Collection,,,,Yes,,,,,,,,,,,,,,,,,,,
na2bRZxxTHU,Mega Feraligatr ex Box 🌊🔥 | Pack #3 (We NEED The Dragonite SIR 🐉),2026-06-24,253,0:21,,Ascended Heroes,,,ex Premium Collection,,,,Yes,,,,,,,,,,,,,,,,,,,
Mhz1-_ppwJA,Chaos Rising ETB ⚡🔥 | Pack #8 (Only One Pack Left 😳),2026-06-24,17,0:21,,Chaos Rising,9,,ETB (Elite Trainer Box),,,,,,,,,,,,,,,,,,,,,,,
dqC9lAiWeaE,Chaos Rising ETB ⚡🔥 | Pack #7 (PRESSURE MODE 😬),2026-06-23,32,0:18,,Chaos Rising,9,,ETB (Elite Trainer Box),,,,,,,,,,,,,,,,,,,,,,,
n4iGQVPBtfE,Only Garbage Rips? 😬 | Mega Emboar ex Pack #2,2026-06-23,151,0:23,,Ascended Heroes,,,ex Premium Collection,,,,Yes,,,,,,,,,,,,,,,,,,,
r4WG2IWWyKc,Mega Emboar ex Box 🔥🐉 | Pack #1 (First Pack Magic AGAIN?!),2026-06-22,591,0:21,,Ascended Heroes,,,ex Premium Collection,,,,Yes,,,,,,,,,,,,,,,,,,,
zhE5GzB2Dns,Mega Feraligatr ex Box 🌊🔥 | Pack #2 (Back-To-Back Hits?!),2026-06-22,30,0:22,,Ascended Heroes,,,ex Premium Collection,,,,Yes,,,,,,,,,,,,,,,,,,,
qKiLbaLhdp8,Mega Feraligatr ex Box 🌊🔥 | Pack #1 (First Pack Magic?!),2026-06-21,1483,0:21,,Ascended Heroes,,,ex Premium Collection,,,,Yes,,,,,,,,,,,,,,,,,,,
QKYrh9l8BYA,Chaos Rising ETB ⚡🔥 | Pack #6 (We NEED A Hit 😬),2026-06-21,46,0:22,,Chaos Rising,9,,ETB (Elite Trainer Box),,,,,,,,,,,,,,,,,,,,,,,
_Bu9zCfLI4c,FINAL Mega Meganium ex Box Pack 🌿🔥 | Last Pack Magic?! 😳,2026-06-20,85,0:20,,Ascended Heroes,,,ex Premium Collection,,,,,,,,,,,,,,,,,,,,,,,
vqp2qrq1hls,Only Garbage Rips? 😬 | Chaos Rising ETB Pack #5,2026-06-20,70,0:21,,Chaos Rising,9,,ETB (Elite Trainer Box),,,,,,,,,,,,,,,,,,,,,,,
hOBpKIl2lX4,Mega Meganium ex Box 🌿🔥 | Pack #3 (We NEED A Hit 😬),2026-06-19,87,0:22,,Ascended Heroes,,,ex Premium Collection,,,,,,,,,,,,,,,,,,,,,,,
4gBo585VhEI,Chaos Rising ETB ⚡🔥 | Pack #4 (Heating Up?!) 😳,2026-06-19,35,0:22,,Chaos Rising,9,,ETB (Elite Trainer Box),,,,,,,,,,,,,,,,,,,,,,,
9DPytuABTf8,Only Garbage Rips? 😭 | Mega Meganium ex Pack #2,2026-06-18,945,0:19,,Ascended Heroes,,,ex Premium Collection,,,,,,,,,,,,,,,,,,,,,,,
goGNPoBWQ-g,Chaos Rising ETB Pack #3 😳 | Is This ETB LOADED?!,2026-06-18,903,0:21,,Chaos Rising,9,,ETB (Elite Trainer Box),,,,,,,,,,,,,,,,,,,,,,,
Fgj5afnnXVk,Mega Meganium ex Box 🌿🔥 | Pack #1 (First Pack Magic?!),2026-06-17,810,0:19,,Ascended Heroes,,,ex Premium Collection,,,,,,,,,,,,,,,,,,,,,,,
u7xNNfIBEjg,Chaos Rising ETB ⚡🔥 | Pack #2 (Back-To-Back Hits?!),2026-06-17,1006,0:19,,Chaos Rising,9,,ETB (Elite Trainer Box),,,,,,,,,,,,,,,,,,,,,,,
bpm7cSVXNiM,Pokemon Chaos Rising ETB ⚡🔥 | Pack #1 (First Pack Magic?!),2026-06-16,1006,0:21,,Chaos Rising,9,,ETB (Elite Trainer Box),,,,,,,,,,,,,,,,,,,,,,,
urvau7lIwC0,FINAL Mega Zygarde Collection Pack 🔥 | Zard SIR?! Last Pack Magic?! 😳,2026-06-16,990,0:22,,Phantasmal Flames,,,ex Premium Collection,,,,Yes,,,,,,,,,,,,,,,,,,,
tuX1t8p29Ik,LAST Japanese Abyss Eye Packs 👁️🔥 | SR Or Better?! 😳,2026-06-15,984,0:25,,Abyss Eye (JP),1,,Japanese Booster Pack,,,,,,,,,,,,,,,,,,,,,,,
HGlF3-fpycc,First Phantasmal Flames🔥Pack in the Mega Zygarde Collection Pack #7,2026-06-15,936,0:20,,Phantasmal Flames,,,ex Premium Collection,,,,Yes,,,Perfect Order,,,,,,,,,,,,,,,,
R4TUGTf0Eb4,FINAL Chaos Rising Booster Bundle #2 Pack ⚡🔥 | Last Pack Magic?! 😳,2026-06-14,886,0:17,,Chaos Rising,6,,Booster Bundle,,,,,,,,,,,,,,,,,,,,,,,
sS0fvyss7IM,FINAL Perfect Order Pack?! 😳 | Mega Zygarde Collection Pack #6,2026-06-14,1111,0:22,,Phantasmal Flames,,,ex Premium Collection,,,,,,,Perfect Order,,,,,,,,,,,,,,,,
_3gRDHTv1lQ,Mega Zygarde ex Premium Collection ⚡🔥 | Pack #5 (We NEED A Hit 😬),2026-06-13,929,0:23,,,,,ex Premium Collection,,,,,,,,,,,,,,,,,,,,,,,
XjM6y2L7v1c,Japanese Abyss Eye 👁️🔥 | Packs #7 & #8 (Back-To-Back Hits?!) 😳,2026-06-13,937,0:27,,Abyss Eye (JP),1,,Japanese Booster Pack,,,,,,,,,,,,,,,,,,,,,,,
0vpWimyqJIE,Japanese Abyss Eye 👁️🔥 | Packs #5 & #6 (We NEED A Hit 😭),2026-06-12,1006,0:26,,Abyss Eye (JP),1,,Japanese Booster Pack,,,,,,,,,,,,,,,,,,,,,,,
udV4EBssAj0,Chaos Rising Booster Bundle #2 ⚡🔥 | Pack #5 (PLEASE Save This Bundle 😬),2026-06-12,1089,0:20,,Chaos Rising,6,,Booster Bundle,,,,,,,,,,,,,,,,,,,,,,,
xCDigA8yq1Y,Chaos Rising Booster Bundle #2 ⚡🔥 | Pack #4 (Luck Running Out?!) 😳,2026-06-11,1228,0:17,,Chaos Rising,6,,Booster Bundle,,,,,,,,,,,,,,,,,,,,,,,
lcxUwIjlqZY,Mega Zygarde ex Premium Collection ⚡🔥 | Pack #4 (We NEED A Hit 😬),2026-06-11,1296,0:21,,,,,ex Premium Collection,,,,,,,,,,,,,,,,,,,,,,,
0pRHwsEwo3g,Mega Zygarde ex Premium Collection ⚡🔥 | Pack #3 (Getting Lucky?!),2026-06-10,959,0:19,,,,,ex Premium Collection,,,,,,,,,,,,,,,,,,,,,,,
EKTgIGCiET4,Japanese Abyss Eye 👁️🔥 | Packs #3 & #4 (STILL No Hits?!) 😭,2026-06-10,1001,0:23,,Abyss Eye (JP),1,,Japanese Booster Pack,,,,,,,,,,,,,,,,,,,,,,,
-eQ-tG_cj_0,Only Garbage Rips? 😬 | Japanese Abyss Eye Packs,2026-06-09,1174,0:22,,Abyss Eye (JP),1,,Japanese Booster Pack,,,,,,,,,,,,,,,,,,,,,,,
-5rVYfdxRJw,Only Garbage Rips? 😬 | Chaos Rising Bundle #2 Pack #3,2026-06-09,899,0:17,,Chaos Rising,6,,Booster Bundle,,,,,,,,,,,,,,,,,,,,,,,
1Kd_E966_4k,Chaos Rising Booster Bundle #2 ⚡🔥 | Pack #2 (Back-To-Back Hits?!),2026-06-08,1510,0:17,,Chaos Rising,6,,Booster Bundle,,,,,,,,,,,,,,,,,,,,,,,
RLYq43B1KX0,Mega Zygarde ex Premium Collection ⚡🔥 | Pack #2 (Back-To-Back Hits?!),2026-06-08,1071,0:18,,,,,ex Premium Collection,,,,,,,,,,,,,,,,,,,,,,,
BiBdyozoD_Q,Chaos Rising Booster Bundle #2 ⚡🔥 | Pack #1 (First Pack Magic?!),2026-06-07,739,0:18,,Chaos Rising,6,,Booster Bundle,,,,,,,,,,,,,,,,,,,,,,,
POLXPV2ZpXA,Mega Zygarde ex Premium Collection ⚡🔥 | Pack #1 (First Pack Magic?!),2026-06-07,897,0:19,,,,,ex Premium Collection,,,,,,,,,,,,,,,,,,,,,,,
7qgnakc3__c,Perfect Order Booster Bundle #2 ⚡ | Pack #5 (PLEASE Save This Bundle 😬),2026-06-06,915,0:18,,Perfect Order,6,,Booster Bundle,,,,,,,,,,,,,,,,,,,,,,,
l_vpvsLXG50,FINAL Perfect Order Booster Bundle #2 Pack ⚡🔥 | Last Pack Magic?! 😳,2026-06-06,804,0:26,,Perfect Order,6,,Booster Bundle,,,,,,,,,,,,,,,,,,,,,,,
23RED_g8uOE,FINAL Chaos Rising Booster Bundle Pack ⚡🔥 | Last Pack Magic?! 😳,2026-06-05,15,0:19,,Chaos Rising,6,,Booster Bundle,,,,,,,,,,,,,,,,,,,,,,,
qUzKnP4zmjM,Perfect Order Booster Bundle #2 ⚡ | Pack #4 (We NEED A Hit 😬),2026-06-05,1018,0:23,,Perfect Order,6,,Booster Bundle,,,,,,,,,,,,,,,,,,,,,,,
vW8lkXEx3Ao,FINAL Ascended Heroes Bundle #2 Pack ⚡ | Last Pack Magic?! 😳,2026-06-04,1013,0:22,,Ascended Heroes,6,,Booster Bundle,,,,,,,,,,,,,,,,,,,,,,,
16GEn7wSyuk,Chaos Rising Booster Bundle ⚡🔥 | Pack #5 (We NEED A Hit 😬),2026-06-04,946,0:22,,Chaos Rising,6,,Booster Bundle,,,,,,,,,,,,,,,,,,,,,,,
i_YeXB489EY,Chaos Rising Booster Bundle ⚡🔥 | Pack #4 (Is The Luck Running Out? 😳),2026-06-03,905,0:17,,Chaos Rising,6,,Booster Bundle,,,,,,,,,,,,,,,,,,,,,,,
wtUPdMnZ_S8,Perfect Order Booster Bundle #2 ⚡ | Pack #3 (Getting Lucky?!),2026-06-03,28,0:20,,Perfect Order,6,,Booster Bundle,,,,,,,,,,,,,,,,,,,,,,,
Y6rNMk6_kFs,Only Garbage Rips? 😬 | Perfect Order Bundle #2 Pack #2,2026-06-02,1253,0:20,,Perfect Order,6,,Booster Bundle,,,,,,,,,,,,,,,,,,,,,,,
iPxD2pp1zHo,Ascended Heroes Booster Bundle #2 ⚡ | Pack #5 (We NEED A Hit 😬),2026-06-02,1111,0:17,,Ascended Heroes,6,,Booster Bundle,,,,,,,,,,,,,,,,,,,,,,,
jAkffPVM-JA,Ascended Heroes Booster Bundle #2 ⚡ | Pack #4 (We NEED A Hit 😬),2026-06-01,928,0:19,,Ascended Heroes,6,,Booster Bundle,,,,,,,,,,,,,,,,,,,,,,,
c-5u5X8BT_Y,Only Garbage Rips? 😬 | Chaos Rising Bundle Pack #3,2026-06-01,1831,0:18,,Chaos Rising,6,,Booster Bundle,,,,,,,,,,,,,,,,,,,,,,,
JPzh3KWw084,Perfect Order Booster Bundle #2 ⚡ | Pack #1 (First Pack Magic?!),2026-05-31,777,0:18,,Perfect Order,6,,Booster Bundle,,,,,,,,,,,,,,,,,,,,,,,
xJyZLladJ0Q,Only Garbage Rips? 😬 | Chaos Rising Bundle Pack #2,2026-05-31,1002,0:16,,Chaos Rising,6,,Booster Bundle,,,,,,,,,,,,,,,,,,,,,,,
APS_RnpORC8,Chaos Rising Booster Bundle ⚡🔥 | Pack #1 (First Pack Magic Again?!),2026-05-30,1135,0:18,,Chaos Rising,6,,Booster Bundle,,,,,,,,,,,,,,,,,,,,,,,
kcmXPW6_Odo,Only Garbage Rips? 😬 | Ascended Heroes Bundle #2 Pack #3,2026-05-30,1110,0:17,,Ascended Heroes,6,,Booster Bundle,,,,,,,,,,,,,,,,,,,,,,,
xrJFDqGZjOs,Only Garbage Rips? 😬 | Ascended Heroes Bundle #2 Pack #2,2026-05-29,1146,0:17,,Ascended Heroes,6,,Booster Bundle,,,,,,,,,,,,,,,,,,,,,,,
CT5t8mKeZUw,FINAL Prismatic Evolutions ETB Pack ✨ | Last Pack Magic?! 😳,2026-05-29,271,0:20,,Prismatic Evolutions,9,,ETB (Elite Trainer Box),,,,Yes,,,,,,,,,,,,,,,,,,,
W2eIV9tya84,Ascended Heroes Booster Bundle #2 ⚡ | Pack #1 (First Pack Magic?!),2026-05-28,1152,0:19,,Ascended Heroes,6,,Booster Bundle,,,,,,,,,,,,,,,,,,,,,,,
2wZwMWDlxP0,Only Garbage Rips? 😬 | Prismatic ETB Pack #8,2026-05-28,1014,0:21,,Prismatic Evolutions,9,,ETB (Elite Trainer Box),,,,Yes,,,,,,,,,,,,,,,,,,,
hbUa4l-xono,Destined Rivals Pack #12 ⚡ | Can We TOP The Mewtwo?! 😳,2026-05-27,1862,0:22,,Destined Rivals,1,,Single Booster Pack,,,,Yes,,,,,,,,,,,,,,,,,,,
Q26NJsmeVko,Prismatic Evolutions ETB ✨ | Pack #7 (Running Out Of Chances 😳),2026-05-27,937,0:23,,Prismatic Evolutions,9,,ETB (Elite Trainer Box),,,,Yes,,,,,,,,,,,,,,,,,,,
c7J6-dTu4jo,Prismatic Evolutions ETB ✨ | Pack #6 (STILL No Umbreon 😳),2026-05-26,1099,0:21,,Prismatic Evolutions,9,,ETB (Elite Trainer Box),,,,Yes,,,,,,,,,,,,,,,,,,,
dFIdg1ZRxDM,FINAL Perfect Order ETB Pack ⚡ | Last Pack Magic?! 😳,2026-05-26,984,0:23,,Perfect Order,9,,ETB (Elite Trainer Box),,,,,,,,,,,,,,,,,,,,,,,
CP7sMGF3p3M,FINAL Journey Together Bundle #2 Pack ⚡ | Last Pack Magic?! 😳,2026-05-25,1337,0:22,,Journey Together,6,,Booster Bundle,,,,,,,,,,,,,,,,,,,,,,,
25YT9cNRpqk,Only Garbage Rips? 😬 | Destined Rivals Pack #11,2026-05-25,1118,0:20,,Destined Rivals,1,,Single Booster Pack,,,,Yes,,,,,,,,,,,,,,,,,,,
e6vbNj4YRJI,Chaos Rising Pack #5 ⚡🔥 | Can We BREAK The Cold Streak?! 😳,2026-05-24,1651,0:17,,Chaos Rising,1,,Single Booster Pack,,,,,,,,,,,,,,,,,,,,,,,
HS0sPhhG3jo,Only Garbage Rips? 😬 | Chaos Rising Pack #6,2026-05-24,1453,0:17,,Chaos Rising,1,,Single Booster Pack,,,,,,,,,,,,,,,,,,,,,,,
-jstsp3DQNI,Chaos Rising Pack #3 ⚡🔥 | 3 HITS IN A ROW?! 😳,2026-05-23,1428,0:17,,Chaos Rising,1,,Single Booster Pack,,,,,,,,,,,,,,,,,,,,,,,
cdvEaKdmjeU,Chaos Rising Pack #4 ⚡🔥 | Is The Bad Luck Curse Starting?! 😳,2026-05-23,1213,0:15,,Chaos Rising,1,,Single Booster Pack,,,,,,,,,,,,,,,,,,,,,,,
h1vqc-37k_8,Pokemon Chaos Rising LAUNCH DAY ⚡🔥 | Booster Pack #1,2026-05-22,1639,0:17,,Chaos Rising,1,,Single Booster Pack,,,,,,,,,,,,,,,,,,,,,,,
JM8wHAH8FEw,Chaos Rising Pack #2 ⚡🔥 | BACK TO BACK Hits?! 😳,2026-05-22,1065,0:19,,Chaos Rising,1,,Single Booster Pack,,,,,,,,,,,,,,,,,,,,,,,
t_okfWNQ4BQ,Only Garbage Rips? 😬 | Prismatic ETB Pack #5,2026-05-21,968,0:23,,Prismatic Evolutions,9,,ETB (Elite Trainer Box),,,,Yes,,,,,,,,,,,,,,,,,,,
1dkor9FBy7s,Perfect Order ETB ⚡ | Pack #8 (PLEASE Save This ETB 😬),2026-05-21,1005,0:20,,Perfect Order,9,,ETB (Elite Trainer Box),,,,,,,,,,,,,,,,,,,,,,,
FlMsxjakWcs,Journey Together Booster Bundle #2 ⚡ | Pack #5 We NEED A Hit 😬,2026-05-20,1098,0:19,,Journey Together,6,,Booster Bundle,,,,,,,,,,,,,,,,,,,,,,,
1zqH_hRYFvo,Only Garbage Rips? 😬 | Destined Rivals Pack #10,2026-05-20,964,0:23,,Destined Rivals,1,,Single Booster Pack,,,,Yes,,,,,,,,,,,,,,,,,,,
yJujjKbIVFg,Opening MORE Japanese Stellar Miracle Packs 🇯🇵✨,2026-05-19,419,0:46,,Stellar Miracle (JP),1,,Japanese Booster Pack,,,,,,,,,,,,,,,,,,,,,,,
vZT6BI7EcQM,Perfect Order ETB ⚡ | Pack #7 Running Out Of Chances 😬,2026-05-19,1146,0:21,,Perfect Order,9,,ETB (Elite Trainer Box),,,,,,,,,,,,,,,,,,,,,,,
lo_VtHulsWc,Only Garbage Rips? 😬 | Destined Rivals Pack #9,2026-05-18,233,0:18,,Destined Rivals,1,,Single Booster Pack,,,,Yes,,,,,,,,,,,,,,,,,,,
VjhleCTxCDA,Prismatic Evolutions ETB ✨ | Pack #4 Is This The Umbreon Pack?,2026-05-18,931,0:28,,Prismatic Evolutions,9,,ETB (Elite Trainer Box),,,,Yes,,,,,,,,,,,,,,,,,,,
uIAcSD4quE8,Perfect Order ETB ⚡ | Pack #6 STILL No Hits… 😬,2026-05-17,1011,0:21,,Perfect Order,9,,ETB (Elite Trainer Box),,,,,,,,,,,,,,,,,,,,,,,
76YEF7mdqvk,Journey Together Booster Bundle #2 ⚡ | Pack #4 We NEED A Hit 😬,2026-05-17,1039,0:20,,Journey Together,6,,Booster Bundle,,,,,,,,,,,,,,,,,,,,,,,
5FJZOamuxs8,Only Garbage Rips? 😬 | Prismatic ETB Pack #3,2026-05-16,1015,0:20,,Prismatic Evolutions,9,,ETB (Elite Trainer Box),,,,Yes,,,,,,,,,,,,,,,,,,,
auKzs0g2LL8,Do Mega Symphonia Packs Actually Hit?! 🇯🇵✨,2026-05-16,933,0:42,,Mega Symphonia (JP),1,,Japanese Booster Pack,,,,,,,,,,,,,,,,,,,,,,,
8d2a5b_BmYQ,FINAL Ascended Heroes Bundle Pack ⚡ | Last Pack Magic?! 😬,2026-05-15,507,0:25,,Ascended Heroes,6,,Booster Bundle,,,,,,,,,,,,,,,,,,,,,,,
484NOQA1r8Q,Destined Rivals Pack #8 ⚡ | Can We TOP The Mewtwo?! 😳,2026-05-15,1288,0:17,,Destined Rivals,1,,Single Booster Pack,,,,Yes,,,,,,,,,,,,,,,,,,,
2OFpV33VzpU,Only Garbage Rips? 😬 | Perfect Order ETB Pack #5,2026-05-14,800,0:18,,Perfect Order,9,,ETB (Elite Trainer Box),,,,,,,,,,,,,,,,,,,,,,,
uGRqBM2AOag,Only Garbage Rips? 😬 | Journey Together Bundle #2 Pack #3,2026-05-14,924,0:20,,Journey Together,6,,Booster Bundle,,,,,,,,,,,,,,,,,,,,,,,
LFpa9K2DA6Q,Only Garbage Rips? 😬 | Prismatic ETB Pack #2,2026-05-13,1044,0:22,,Prismatic Evolutions,9,,ETB (Elite Trainer Box),,,,Yes,,,,,,,,,,,,,,,,,,,
bh8OGK_jE2Y,Opening Japanese Stellar Miracle Packs 🇯🇵✨,2026-05-13,603,0:48,,Stellar Miracle (JP),1,,Japanese Booster Pack,,,,,,,,,,,,,,,,,,,,,,,
PPEKxxW-s_g,Ascended Heroes Booster Bundle ⚡ | Pack #5 We NEED A Hit 😬,2026-05-12,1236,0:21,,Ascended Heroes,6,,Booster Bundle,,,,,,,,,,,,,,,,,,,,,,,
gq4wUMrTrB0,Destined Rivals Pack #7 ⚡ | Can We Go EVEN Bigger?! 😬,2026-05-12,826,0:19,,Destined Rivals,1,,Single Booster Pack,,,,Yes,,,,,,,,,,,,,,,,,,,
uyiszkVXiUQ,Perfect Order ETB ⚡ | Pack #4 Is This The One?,2026-05-11,373,0:23,,Perfect Order,9,,ETB (Elite Trainer Box),,,,,,,,,,,,,,,,,,,,,,,
OMpbKBu38rk,Japanese Mega Symphonia Packs 🇯🇵⚡ | JCC Rochester Pickups!,2026-05-11,96,0:38,,Mega Symphonia (JP),1,,Japanese Booster Pack,,,,,,,,,,,,,,,,,,,,,,,
YqaeisWumvQ,Journey Together Booster Bundle #2 ⚡ | Pack #2 Any Better?,2026-05-11,433,0:19,,Journey Together,6,,Booster Bundle,,,,,,,,,,,,,,,,,,,,,,,
GK_IadR7G1g,WE HIT Team Rocket’s Mewtwo ex 🤯✨ | Destined Rivals Pack #6,2026-05-10,924,0:29,,Destined Rivals,1,,Single Booster Pack,,,,Yes,,,,,,,,,,,,,,,,,,,
hCI0HSfly1c,Prismatic Evolutions ETB ✨ | Pack #1 Umbreon Hunt Begins,2026-05-10,1256,0:20,,Prismatic Evolutions,9,,ETB (Elite Trainer Box),,,,Yes,,,,,,,,,,,,,,,,,,,
UqZn1J9vVGc,Ascended Heroes Booster Bundle ⚡ | Pack #4 Is This The One?,2026-05-09,155,0:20,,Ascended Heroes,6,,Booster Bundle,,,,,,,,,,,,,,,,,,,,,,,
DMJYnQE8shY,Perfect Order ETB ⚡ | Pack #3 Getting Lucky?,2026-05-08,1086,0:24,,Perfect Order,9,,ETB (Elite Trainer Box),,,,,,,,,,,,,,,,,,,,,,,
C4IPzbJZlHw,Journey Together Booster Bundle #2 ⚡ | Pack #1 First Pack Magic?,2026-05-08,546,0:21,,Journey Together,6,,Booster Bundle,,,,,,,,,,,,,,,,,,,,,,,
d0ux4nsMixw,Only Garbage Rips? 😬 | Perfect Order Pack #6,2026-05-07,749,0:22,,Perfect Order,1,,Single Booster Pack,,,,,,,,,,,,,,,,,,,,,,,
Z0s6mRdT_QE,Only Garbage Rips? 😬 | Destined Rivals Pack #5,2026-05-07,1037,0:20,,Destined Rivals,1,,Single Booster Pack,,,,,,,,,,,,,,,,,,,,,,,
A38u-diwmvw,Ascended Heroes Pack #7 ⚡ | STILL No Big Hits… 😬,2026-05-07,483,0:24,,Ascended Heroes,1,,Single Booster Pack,,,,,,,,,,,,,,,,,,,,,,,
PvitecaJjAc,Ascended Heroes Booster Bundle ⚡ | Pack #3 Getting Lucky Yet?,2026-05-06,1017,0:22,,Ascended Heroes,6,,Booster Bundle,,,,,,,,,,,,,,,,,,,,,,,
Q09fPPjWf8A,Destined Rivals Pack #4 ⚡ | STILL No Mewtwo… 😬,2026-05-05,301,0:19,,Destined Rivals,1,,Single Booster Pack,,,,,,,,,,,,,,,,,,,,,,,
3gpbmrouFEw,Only Garbage Rips? 😬 | Perfect Order ETB Pack #2,2026-05-05,542,0:20,,Perfect Order,9,,ETB (Elite Trainer Box),,,,,,,,,,,,,,,,,,,,,,,
YQ2-iIhbOSY,Ascended Heroes Booster Bundle ⚡ | Pack #2 Any Better?,2026-05-04,981,0:22,,Ascended Heroes,6,,Booster Bundle,,,,,,,,,,,,,,,,,,,,,,,
9UfyaoGCEZ8,Phantasmal Flames Pack #11 🔥 | STILL No Charizard SIR… 😬,2026-05-04,496,0:22,,Phantasmal Flames,1,,Single Booster Pack,,,,Yes,,,,,,,,,,,,,,,,,,,
Vbqy14CESN4,Pokémon Destined Rivals Pack #3 ⚡ | Getting Lucky Yet?,2026-05-03,1106,0:19,,Destined Rivals,1,,Single Booster Pack,,,,,,,,,,,,,,,,,,,,,,,
oAdG2xms9Ko,Perfect Order ETB ⚡ | Pack #1 First Pack Magic?,2026-05-03,1209,0:22,,Perfect Order,9,,ETB (Elite Trainer Box),,,,,,,,,,,,,,,,,,,,,,,
Qf2PmYHL8Xw,Ascended Heroes Booster Bundle ⚡ | Pack #1 (First Pack Magic?),2026-05-02,2005,0:22,,Ascended Heroes,6,,Booster Bundle,,,,,,,,,,,,,,,,,,,,,,,
4qNvWCkNb9w,Phantasmal Flames Pack #10 🔥 | STILL No Charizard?! 😬,2026-05-02,689,0:19,,Phantasmal Flames,1,,Single Booster Pack,,,,Yes,,,,,,,,,,,,,,,,,,,
Pvi54rMlLfQ,Only Garbage Rips? 😬 | Mega Evolution Pack #3,2026-05-01,1400,0:18,,Mega Evolution,1,,Single Booster Pack,,,,,,,,,,,,,,,,,,,,,,,
tTxItGrPfUw,Only Garbage Rips? 😬 | Perfect Order Pack #5,2026-05-01,1608,0:22,,Perfect Order,1,,Single Booster Pack,,,,,,,,,,,,,,,,,,,,,,,
6cwLQGIVpKU,Only Garbage Rips? 😬 | Destined Rivals Pack #2,2026-04-30,1116,0:18,,Destined Rivals,1,,Single Booster Pack,,,,,,,,,,,,,,,,,,,,,,,
RXKBcjWfqhE,Opening My FIRST Obsidian Flames Pack 😬,2026-04-30,1294,0:22,,Obsidian Flames,1,,Single Booster Pack,,,,Yes,,,,,,,,,,,,,,,,,,,
yeX4naszsoo,Phantasmal Flames Pack #9 🔥 | Still No Charizard SIR… 😬,2026-04-29,1162,0:21,,Phantasmal Flames,1,,Single Booster Pack,,,,Yes,,,,,,,,,,,,,,,,,,,
GroN9k8XsN0,Ascended Heroes Pack #6 ⚡ | STILL No Big Hits… 😬,2026-04-29,1338,0:23,,Ascended Heroes,1,,Single Booster Pack,,,,,,,,,,,,,,,,,,,,,,,
rMMOuM8bsqE,Ascended Heroes Mini Tin #4 ⚡ | We NEED A Hit 😬,2026-04-28,1009,0:32,,Ascended Heroes,,,Tin,,,,,,,,,,,,,,,,,,,,,,,
EPqUqzrAc30,More Japanese Nihil Zero Packs 🇯🇵🧊 | Buffalo TCG Con Pickups!,2026-04-28,1091,0:34,,Nihil Zero (JP),1,,Japanese Booster Pack,,,,,,,,,,,,,,,,,,,,,,,
vHvWDOPoxjo,Pokémon Mega Heroes Mini Tin #1 ⚡ | First Tin Magic!?,2026-04-27,924,0:38,,,,,Tin,,,,,,,,,,,,,,,,,,,,,,,
QXS1W_L2qbs,Pokémon GO Pack #12 ⚡ | STILL No Ditto or Mewtwo?! 😬,2026-04-27,2611,0:23,,Pokémon GO,1,,Single Booster Pack,,,,,,,,,,,,,,,,,,,,,,,
sdZx0lmq2mQ,Ascended Heroes Mini Tin #3 ⚡ | Is This The One?,2026-04-26,1130,0:36,,Ascended Heroes,,,Tin,,,,,,,,,,,,,,,,,,,,,,,
KEK0q0PgN_I,Only Garbage Rips? 😬 | Phantasmal Flames Pack #8,2026-04-26,1209,0:21,,Phantasmal Flames,1,,Single Booster Pack,,,,,,,,,,,,,,,,,,,,,,,
wBIeB-63sKw,Prismatic Evolutions Mini Tin #1 ✨ | First Tin Magic!?,2026-04-25,1349,0:42,,Prismatic Evolutions,,,Tin,,,,,,,,,,,,,,,,,,,,,,,
-la8PgoBkCw,Pokémon GO Pack #11 ⚡ | The Hunt Continues… 😬,2026-04-25,1160,0:22,,Pokémon GO,1,,Single Booster Pack,,,,,,,,,,,,,,,,,,,,,,,
XjFoToaom6k,Pokémon Victini Illustration Collection 🔥 Only Garbage Rips? 😬,2026-04-24,964,1:15,,,,,Collection Box,,,,,,,,,,,,,,,,,,,,,,,
LGzHC-k4vh0,FINAL Journey Together Booster Bundle Pack ⚡ | Last Pack Magic?! 😬,2026-04-24,993,0:30,,Journey Together,6,,Booster Bundle,,,,,,,,,,,,,,,,,,,,,,,
8SX0B-7WM8A,Prismatic Evolutions Poster Collection 💖 | Eeveelutions!?,2026-04-23,989,0:48,,Prismatic Evolutions,1,,Collection Box,,,,,,,,,,,,,,,,,,,,,,,
J0Gy0iIz3ok,Pokémon Unova Mini Tin #2 ⚡ | Any Better?,2026-04-23,880,0:34,,,,,Tin,,,,,,,,,,,,,,,,,,,,,,,
HbSOpODafEw,Ascended Heroes Mini Tin #2 ⚡ | Any Better?,2026-04-22,1161,0:39,,Ascended Heroes,,,Tin,,,,,,,,,,,,,,,,,,,,,,,
NzWUDxXwnPI,Japanese Nihil Zero Packs 🇯🇵🧊 | From Buffalo TCG Con!,2026-04-22,1145,0:44,,Nihil Zero (JP),1,,Japanese Booster Pack,,,,,,,,,,,,,,,,,,,,,,,
53yMHXauDnA,Journey Together Booster Bundle ⚡ | Pack #5… We NEED A Hit 😬,2026-04-21,1078,0:26,,Journey Together,6,,Booster Bundle,,,,,,,,,,,,,,,,,,,,,,,
dQaN_4yqS0w,Only Garbage Rips? 😬 | Mega Evolutions Pack #2,2026-04-21,1223,0:17,,Mega Evolution,1,,Single Booster Pack,,,,,,,,,,,,,,,,,,,,,,,
7PBrXPgt9kU,FINAL Perfect Order Booster Bundle Pack ⚡ | Last Pack Magic?! 😬,2026-04-20,1001,0:25,,Perfect Order,6,,Booster Bundle,,,,,,,,,,,,,,,,,,,,,,,
S_2SHhBqlH8,Only Garbage Rips? 😬 | Phantasmal Flames Pack #7,2026-04-20,1150,0:21,,Phantasmal Flames,1,,Single Booster Pack,,,,,,,,,,,,,,,,,,,,,,,
cg0H0ipfB90,"Random 2-Pack Blister 😬 | Armarouge, Revavroom & Houndstone",2026-04-19,753,0:46,,,3,,Blister,,,,,,,,,,,,,,,,,,,,,,,
hVS0VH-nfVM,Pokémon Mega Evolution Booster Pack #1 ⚡ | First Pack,2026-04-19,1207,0:18,,Mega Evolution,1,,Single Booster Pack,,,,,,,,,,,,,,,,,,,,,,,
U91JWMsUHAU,Pokémon Crown Zenith Booster Pack #1 👑 | First Pack Magic?,2026-04-18,1428,0:24,,Crown Zenith,1,,Single Booster Pack,,,,,,,,,,,,,,,,,,,,,,,
VP1UXW3MrGU,Journey Together Booster Bundle ⚡ | Pack #4 🫣,2026-04-18,970,0:27,,Journey Together,6,,Booster Bundle,,,,,,,,,,,,,,,,,,,,,,,
JjTm-bYLhGE,First Partner Box #4 🎨 | STILL No 151 Starters… 😬,2026-04-17,786,0:43,,,,,Collection Box,,,,,,,,,,,,,,,,,,,,,,,
fFbWjWLD1N4,Perfect Order Booster Bundle ⚡ | Pack #5… We NEED A Hit 😬,2026-04-17,1337,0:25,,Perfect Order,6,,Booster Bundle,,,,,,,,,,,,,,,,,,,,,,,
39Rh6NJPK9M,Journey Together Booster Bundle ⚡ | Pack #3,2026-04-16,765,0:22,,Journey Together,6,,Booster Bundle,,,,,,,,,,,,,,,,,,,,,,,
K5RKQlNhvl8,Japanese Mega Brave Packs 🇯🇵💥 | Do These Hit?!,2026-04-16,901,0:48,,Mega Brave (JP),1,,Japanese Booster Pack,,,,,,,,,,,,,,,,,,,,,,,
6sg185zTjM4,Perfect Order Booster Bundle ⚡ | Pack #4,2026-04-15,960,0:25,,Perfect Order,6,,Booster Bundle,,,,,,,,,,,,,,,,,,,,,,,
J-Gqbe3jPn4,Opening My FIRST Chilling Reign Pack 😬,2026-04-15,1135,0:25,,Chilling Reign,1,,Single Booster Pack,,,,,,,,,,,,,,,,,,,,,,,
yMTuhasZsZ4,Journey Together Booster Bundle ⚡ | Pack #2,2026-04-14,839,0:25,,Journey Together,6,,Booster Bundle,,,,,,,,,,,,,,,,,,,,,,,
4z82NZ7QCJY,First Partner Collection Box #3 🎨 | 151 Starter Hunt Continues…,2026-04-14,727,0:42,,,,,Collection Box,,,,,,,,,,,,,,,,,,,,,,,
tlOeWpJhJ1E,Perfect Order Booster Bundle ⚡ | Pack #3,2026-04-13,1155,0:24,,Perfect Order,6,,Booster Bundle,,,,,,,,,,,,,,,,,,,,,,,
IuNgQ6IWdVc,Only Garbage Rips? 😬 | Paradox Rift Pack #4,2026-04-13,1150,0:19,,Paradox Rift,1,,Single Booster Pack,,,,,,,,,,,,,,,,,,,,,,,
DljCIsO2zkU,Journey Together Booster Bundle ⚡ | Pack #1,2026-04-12,1225,0:24,,Journey Together,6,,Booster Bundle,,,,,,,,,,,,,,,,,,,,,,,
nCIpRxwMMBE,Pokémon Rebel Clash Booster Pack #2 ⚡ | Any Better?,2026-04-12,1259,0:25,,Rebel Clash,1,,Single Booster Pack,,,,,,,,,,,,,,,,,,,,,,,
KGj2ZTDLcrA,Opening My FIRST Rebel Clash Pack 😬,2026-04-11,1470,0:22,,Rebel Clash,1,,Single Booster Pack,,,,,,,,,,,,,,,,,,,,,,,
8Nbj7wLBgrc,Perfect Order Booster Bundle ⚡ | Pack #2,2026-04-11,1334,0:24,,Perfect Order,6,,Booster Bundle,,,,,,,,,,,,,,,,,,,,,,,
OTKn4mNzQ7I,Only Garbage Rips? 😬 | Perfect Order Booster Bundle Pack #1,2026-04-10,1022,0:24,,Perfect Order,6,,Booster Bundle,,,,,,,,,,,,,,,,,,,,,,,
fZk7D5Wd0Eg,Ascended Heroes First Partners Deluxe Pin Collection 🌱🔥💧,2026-04-10,834,1:12,,Ascended Heroes,1,,Collection Box,,,,,,,,,,,,,,,,,,,,,,,
ac3pK3zh0DE,Opening a Reshiram ex Box 😬 | Is This Worth It?,2026-04-09,25,0:48,,,,,ex Premium Collection,,,,,,,,,,,,,,,,,,,,,,,
i9htInhtbCw,FINAL Pokémon GO Pack ⚡ | Mewtwo or Ditto?! 😬,2026-04-09,297,0:19,,Pokémon GO,1,,Single Booster Pack,,,,,,,,,,,,,,,,,,,,,,,
MFBINfOTwZ8,Only Garbage Rips? 😬 | Pokémon GO Pack #9,2026-04-08,1076,0:17,,Pokémon GO,1,,Single Booster Pack,,,,,,,,,,,,,,,,,,,,,,,
-fOEh7wMmkE,Ascended Heroes Sticker Collection 😬 | Charmander Promo 🔥,2026-04-08,520,0:43,,Ascended Heroes,1,,Collection Box,,,,,,,,,,,,,,,,,,,,,,,
f5fYeGx1neA,Prismatic Evolutions Tech Sticker Collection 💖 | Sylveon Promo,2026-04-07,1238,0:42,,Prismatic Evolutions,1,,Collection Box,,,,,,,,,,,,,,,,,,,,,,,
-Xu2ulrwynY,Perfect Order Booster Pack #4 ⚡ | Is This The One?,2026-04-07,277,0:23,,Perfect Order,1,,Single Booster Pack,,,,,,,,,,,,,,,,,,,,,,,
7culUDeVb5Y,Only Garbage Rips? 😬 | Pokémon GO Pack #8,2026-04-06,1445,0:21,,Pokémon GO,1,,Single Booster Pack,,,,,,,,,,,,,,,,,,,,,,,
g9RQqx9da6Q,Only Garbage Rips? 😬 | Mabosstiff Box Opening 🐶,2026-04-06,882,1:06,,,,,ex Premium Collection,,,,,,,,,,,,,,,,,,,,,,,
GLM2VLIWZGo,Mega Charizard Y EX Tin 🔥 | Did We Hit?!,2026-04-05,828,1:03,,,,,Tin,,,,Yes,,,,,,,,,,,,,,,,,,,
dQpRfkoUPWI,Opening 25th Anniversary Packs During Pokémon 30th… 😬,2026-04-05,1380,0:23,,Celebrations,1,,Single Booster Pack,,,,,,,,,,,,,,,,,,,,,,,
N3bs0HjmrKY,Japanese Stellar Miracle Packs 🇯🇵✨ | Do These Hit?!,2026-04-04,490,0:30,,Stellar Miracle (JP),1,,Japanese Booster Pack,,,,,,,,,,,,,,,,,,,,,,,
LlGPrTKqIYg,Ascended Heroes Tech Sticker Collection 👻 | Gastly Promo,2026-04-04,778,0:45,,Ascended Heroes,1,,Collection Box,,,,,,,,,,,,,,,,,,,,,,,
VYyrgZDkOFY,Only Garbage Rips? 😬 | Perfect Order Pack #3,2026-04-04,15,0:23,,Perfect Order,1,,Single Booster Pack,,,,,,,,,,,,,,,,,,,,,,,
LKSHOUDN-i4,Ascended Heroes Mini Tin #1 ⚡ | What’s Inside?,2026-04-03,307,0:46,,Ascended Heroes,,,Tin,,,,,,,,,,,,,,,,,,,,,,,
igNbRZX5e_0,Perfect Order 3-Pack Blister 🌱 | Chikorita Promo,2026-04-03,232,1:06,,Perfect Order,3,,Blister,,,,,,,,,,,,,,,,,,,,,,,
5BnjVE-BN70,Pokémon GO Booster Pack #7 ⚡ | Running Out of Chances… 😬,2026-04-02,1055,0:29,,Pokémon GO,1,,Single Booster Pack,,,,,,,,,,,,,,,,,,,,,,,
_ccErXVzURs,Japanese Ninja Spinner Packs 🇯🇵🥷 | Greninja Hunt Begins,2026-04-02,223,0:52,,Ninja Spinner (JP),1,,Japanese Booster Pack,,,,,,,,,,,,,,,,,,,,,,,
gSygkzEehmU,Pokémon GO Booster Pack #6 ⚡ | Mewtwo or Ditto?!,2026-04-01,530,0:25,,Pokémon GO,1,,Single Booster Pack,,,,,,,,,,,,,,,,,,,,,,,
4yxqzTeZMAo,Only Garbage Rips? 😬 | Perfect Order Pack #2,2026-04-01,1057,0:22,,Perfect Order,1,,Single Booster Pack,,,,,,,,,,,,,,,,,,,,,,,
PnbibBm1E64,Korean Clay Burst Booster Packs 🇰🇷🔥 | 2 Pack Test,2026-03-31,236,0:22,,Clay Burst (KR),1,,Korean Booster Pack,,,,,,,,,,,,,,,,,,,,,,,
C4mvo_Justc,Opening Pokémon First Partner Illustration Collection Box #2 🎨,2026-03-31,1341,1:02,,,,,Collection Box,,,,,,,,,,,,,,,,,,,,,,,
qlu2os83uos,Pokémon 2-Pack Blister 🌸 | Vileplume Evolution Promos,2026-03-30,407,0:41,,,3,,Blister,,,,,,,,,,,,,,,,,,,,,,,
mDDuc-YDvbw,Perfect Order Booster Pack #1 ⚡ | First Pack Magic?,2026-03-30,1391,0:25,,Perfect Order,1,,Single Booster Pack,,,,,,,,,,,,,,,,,,,,,,,
JVrd7EVB2_8,Opening Pokémon First Partner Illustration Collection Series 1 Box #1 🎨,2026-03-29,1262,1:13,,,,,Collection Box,,,,,,,,,,,,,,,,,,,,,,,
wHaIoWhy7XE,Pokémon GO Booster Pack #5 ⚡ | We Need A Hit… 😬,2026-03-28,1340,0:20,,Pokémon GO,1,,Single Booster Pack,,,,,,,,,,,,,,,,,,,,,,,
O-vFg-5cx8E,Ascended Heroes ETB FINAL PACK ⚡ | Final Pack Magic? 😬,2026-03-27,1043,0:21,,Ascended Heroes,9,,ETB (Elite Trainer Box),,,,,,,,,,,,,,,,,,,,,,,
yjBNG5dvopc,Pokémon GO Booster Pack #4 ⚡ | Is This The Mewtwo Pack!?,2026-03-26,1456,0:20,,Pokémon GO,1,,Single Booster Pack,,,,,,,,,,,,,,,,,,,,,,,
9J16fnroBBM,Ascended Heroes ETB Pack #8 ⚡ | Last Chance Before The Final Pack,2026-03-25,342,0:21,,Ascended Heroes,9,,ETB (Elite Trainer Box),,,,,,,,,,,,,,,,,,,,,,,
tKOXv-qSYTo,Pokémon GO Booster Pack #3 ⚡ | Getting Closer to Mewtwo?,2026-03-24,335,0:20,,Pokémon GO,1,,Single Booster Pack,,,,,,,,,,,,,,,,,,,,,,,
h-KAo8SScL8,Only Garbage Rips? 😬 | Ascended Heroes ETB Pack #7,2026-03-23,1456,0:22,,Ascended Heroes,9,,ETB (Elite Trainer Box),,,,,,,,,,,,,,,,,,,,,,,
lByjKSw3s-U,Only Garbage Rips? 😬 Temporal Forces Booster Pack #2,2026-03-22,569,0:22,,Temporal Forces,1,,Single Booster Pack,,,,,,,,,,,,,,,,,,,,,,,
3WxpO0osReg,Ascended Heroes ETB Pack #6 ⚡ | Redemption Pack?,2026-03-21,612,0:21,,Ascended Heroes,9,,ETB (Elite Trainer Box),,,,,,,,,,,,,,,,,,,,,,,
mxwjJ0oXyUQ,Temporal Forces Pack #1 😬 | Is This Set Any Good?,2026-03-20,1915,0:21,,Temporal Forces,1,,Single Booster Pack,,,,,,,,,,,,,,,,,,,,,,,
IcQFu0SaoH4,Ascended Heroes ETB Pack #5 ⚡ | Halfway Through The Box,2026-03-19,1013,0:24,,Ascended Heroes,9,,ETB (Elite Trainer Box),,,,,,,,,,,,,,,,,,,,,,,
W-aWk5zDYlw,Only Garbage Rips? 😬 | Shining Fates Pack #2,2026-03-18,513,0:19,,Shining Fates,1,,Single Booster Pack,,,,,,,,,,,,,,,,,,,,,,,
juzo0HheF1U,Ascended Heroes ETB Pack #4 ⚡ | Is This The One?,2026-03-17,444,0:21,,Ascended Heroes,9,,ETB (Elite Trainer Box),,,,,,,,,,,,,,,,,,,,,,,
B5--7Dh5OEA,Only Garbage Rips? 😬 | Shining Fates Pack #1,2026-03-16,445,0:21,,Shining Fates,1,,Single Booster Pack,,,,,,,,,,,,,,,,,,,,,,,
NmO2vrjJhg0,Ascended Heroes ETB Pack #3 ⚡ | Third Time’s The Charm?,2026-03-15,1320,0:20,,Ascended Heroes,9,,ETB (Elite Trainer Box),,,,,,,,,,,,,,,,,,,,,,,
SJQCui3NGWw,Pokémon GO Booster Pack #2 ⚡ | Mewtwo Hunt Continues,2026-03-14,1559,0:20,,Pokémon GO,1,,Single Booster Pack,,,,,,,,,,,,,,,,,,,,,,,
F9S695pYxZ8,Ascended Heroes ETB Pack #2 ⚡ | Any Luck Yet?,2026-03-13,1428,0:23,,Ascended Heroes,9,,ETB (Elite Trainer Box),,,,,,,,,,,,,,,,,,,,,,,
Jtqb7ZpQXos,Pokémon GO Pack #1 😬 | Hunting Times Square Mewtwo,2026-03-12,414,0:19,,Pokémon GO,1,,Single Booster Pack,,,,,,,,,,,,,,,,,,,,,,,
-e9F0ufKpIQ,Ascended Heroes Elite Trainer Box Pack #1 ⚡ | 9 Packs. 9 Chances.,2026-03-11,1568,0:23,,Ascended Heroes,9,,ETB (Elite Trainer Box),,,,,,,,,,,,,,,,,,,,,,,
j6O6KdblfeY,Mega Venusaur ex Premium Collection Opening 🌿🔥,2026-03-10,884,1:15,,,,,ex Premium Collection,,,,,,,,,,,,,,,,,,,,,,,
NWaiWG7vknM,Only Garbage Rips? 😬 | Surging Sparks Pack #4,2026-03-09,389,0:17,,Surging Sparks,1,,Single Booster Pack,,,,,,,,,,,,,,,,,,,,,,,
SOQUDUMboVU,Ascended Heroes 2-Pack Blister 🌿 | Erika’s Tangela Promo,2026-03-08,1392,0:36,,Ascended Heroes,3,,Blister,,,,,,,,,,,,,,,,,,,,,,,
XaXGDiOpGJs,Surging Sparks Booster Pack #3 ⚡ | Third Time’s The Charm?,2026-03-07,144,0:19,,Surging Sparks,1,,Single Booster Pack,,,,,,,,,,,,,,,,,,,,,,,
pof6Ph34E6w,Korean Battle Partners Booster Packs Opening 🇰🇷🔥,2026-03-06,393,0:26,,Battle Partners (KR),1,,Korean Booster Pack,,,,,,,,,,,,,,,,,,,,,,,
EvVnOpgwSmo,Surging Sparks Booster Pack #2 ⚡ | Any Better?,2026-03-05,163,0:21,,Surging Sparks,1,,Single Booster Pack,,,,,,,,,,,,,,,,,,,,,,,
mbzWBfNI-Qs,Korean Crimson Haze Booster Packs Opening 🇰🇷🔥,2026-03-04,329,0:28,,Crimson Haze (KR),1,,Korean Booster Pack,,,,,,,,,,,,,,,,,,,,,,,
IuEb3qtjflI,Only Garbage Rips? 😬 | Surging Sparks Pack #1,2026-03-03,474,0:21,,Surging Sparks,1,,Single Booster Pack,,,,,,,,,,,,,,,,,,,,,,,
8xqvY3OzugE,Only Garbage Rips? 😬 | Ascended Heroes 2-Pack Blister,2026-03-02,130,0:29,,Ascended Heroes,3,,Blister,,,,,,,,,,,,,,,,,,,,,,,
F9mAQqKd6r8,Only Garbage Rips? 😬 | Mega Charizard X Tin,2026-03-01,23,0:49,,,,,Tin,,,,Yes,,,,,,,,,,,,,,,,,,,
brj3GukGFAE,Only Garbage Rips? 😬 | Pokémon 151 Booster Packs,2026-02-28,217,0:30,,151,1,,Single Booster Pack,,,,,,,,,,,,,,,,,,,,,,,
zIn3mWKwkyg,Pokémon Day 2026 🎉 | 30th Anniversary Pikachu Promo Opening 😬,2026-02-27,1196,0:46,,,3,,Blister,,,,,,,,,,,,,,,,,,,,,,,
AqZBxDu2wkc,Only Garbage Rips? 😬 | Prismatic Evolutions Booster Packs,2026-02-26,531,0:30,,Prismatic Evolutions,1,,Single Booster Pack,,,,,,,,,,,,,,,,,,,,,,,
qdzDD_kM4Uk,Pokémon Ascended Heroes Booster Pack #5 Opening,2026-02-25,626,0:15,,Ascended Heroes,1,,Single Booster Pack,,,,,,,,,,,,,,,,,,,,,,,
SQLDjKwVPk4,Only Garbage Rips 😬 | Destined Rivals Zarude Blister,2026-02-24,392,0:22,,Destined Rivals,3,,Blister,,,,,,,,,,,,,,,,,,,,,,,
n_3lk9V4L64,Ascended Heroes Pack #4… Is This The One? 😬,2026-02-23,262,0:17,,Ascended Heroes,1,,Single Booster Pack,,,,,,,,,,,,,,,,,,,,,,,
f9qJ_M3ot3k,Only Garbage Rips 😬 | Paradox Rift Sleeved Booster,2026-02-22,350,0:20,,Paradox Rift,1,,Single Booster Pack,,,,,,,,,,,,,,,,,,,,,,,
LROQ-vFl4Hs,Ascended Heroes Pack #3… Third Time’s the Charm? 😬,2026-02-21,252,0:17,,Ascended Heroes,1,,Single Booster Pack,,,,,,,,,,,,,,,,,,,,,,,
RMastm9Bosw,Only Garbage Rips 😬 | Phantasmal Flames Sleeved Boosters (Round 2),2026-02-20,288,0:26,,Phantasmal Flames,1,,Single Booster Pack,,,,,,,,,,,,,,,,,,,,,,,
vzYuzHFbueo,Ascended Heroes Pack #2… Any Luck? 😬 | Garbage Rips,2026-02-19,1203,0:16,,Ascended Heroes,1,,Single Booster Pack,,,,,,,,,,,,,,,,,,,,,,,
Ab81MNFnDLw,Only Garbage Rips 😬 | Garbodor Unova Mini Tin (Rochester’s Pokémon),2026-02-18,1541,0:40,,,,,Tin,,,,,,,,,,,,,,,,,,,,,,,
3dKWTVbCH3I,Only Garbage Rips 😬 | Pokémon Ascended Heroes Pack #1,2026-02-17,779,0:17,,Ascended Heroes,1,,Single Booster Pack,,,,Yes,Ascended Heroes - Stunfisk ex - Double Silver Star - Ultra Rare,,,,,,,,,,,,,,,,,,
wMDMN2emLCM,Only Garbage Rips 😬 | Pokémon Trick or Trade BOOster Packs… In February,2026-02-16,342,0:20,,,3,,Single Booster Pack,,,,No,,,,,,,,,,,,,,,,,,,
QADrkuqf9pg,Only Garbage Rips 😬 | Pokémon Korean Mask of Change Booster Pack,2026-02-15,454,0:18,,Mask of Change (KR),1,,Korean Booster Pack,,,,No,,,,,,,,,,,,,,,,,,,
jO7K2zX6Rlg,Only Garbage Rips 😬 | Pokémon Violet ex Booster Pack,2026-02-14,2411,0:16,,Violet ex (JP),1,,Single Booster Pack,,,,No,,,,,,,,,,,,,,,,,,,
8jKHh-P7P7M,Only Garbage Rips 😬 | Chinese Gem Pack Vol 2 (Eeveelutions),2026-02-13,630,0:18,,Gem Pack Vol. 2 (CN),1,,Chinese Booster Pack,,,,No,,,,,,,,,,,,,,,,,,,
hLr5iThoO2k,Only Garbage Rips 😬 | Journey Together Scrafty Blister,2026-02-12,947,0:42,,Journey Together,3,,Blister,,,,Yes,Journey Together - Volcanion ex - Double Black Star - Double Rare,,,,,,,,,,,,,,,,,,
cmV6P3ssh2g,Only Garbage Rips 😬 | Raikou 2-Pack Blister,2026-02-11,932,0:32,,Phantasmal Flames,2,,Blister,,,,Yes,Phantasmal Flames - Rotom ex - Double Black Star- Double Rare,,Mega Evolution,,,,,,,,,,,,,,,,All the packs are on the first set. Move some across the Packs columns if they came from different sets.
SOCAXif6Mzs,Only Garbage Rips 😬 | Journey Together 3-Pack Blister,2026-02-10,850,0:46,,Journey Together,3,,Blister,,,,Yes,Journey Together - Trainer - Ruffian - Double Silver Star - Ultra Rare,,,,,,,,,,,,,,,,,,
Prq7KI6j1Vk,Only Garbage Rips 😬 | Phantasmal Flames Sleeved Boosters,2026-02-09,507,0:44,,Phantasmal Flames,2,,Single Booster Pack,,,,Yes,Phantasmal Flames - Mismagius ex - Double Black Star - Double Rare,,,,,,,,,,,,,,,,,,
-1fhlQB1okI,Only Garbage Rips 😬 | Japanese Cyber Judge Booster Packs,2026-02-08,402,0:54,,Cyber Judge (JP),6,,Japanese Booster Pack,,,,Yes,Cyber Judge - Incineroar ex - SR - Super Rare,,,,,,,,,,,,,,,,,,
evnMahizn0I,Only Garbage Rips 😬 | Paldea Evolved Blister Pack #PokemonShorts #PokemonTCG #PaldeaEvolved,2026-02-07,2452,0:26,,Paldea Evolved,1,,Blister,,,,No,,,,,,,,,,,,,,,,,,,
AXOYuKfoBXU,Only Garbage Rips 😬 | Phantasmal Flames Blister Packs,2026-02-06,30,0:48,,Phantasmal Flames,2,,Blister,,,,Yes,Phantasmal Flames - Mega Lopunny ex - Double Black Star - Double Rare,,,,,,,,,,,,Hits,,,,,,
m9K7hpyjn04,Only Garbage Rips 😬 | Kyogre Knock Out Collection,2026-02-05,830,0:45,,Twilight Masquerade,2,,Knock Out Collection,,,,Yes,Surging Sparks - Feebas - Single Gold Star - Illustration Rare,,Surging Sparks,,,,,,,,,,,,,,,,All the packs are on the first set. Move some across the Packs columns if they came from different sets.
41vJCIdzYkw,Only Garbage Rips 😬 Suicune Knock Out Collection #pokemon #pokemoncards #pokemontcg #PokemonShorts,2026-02-04,394,0:46,,Twilight Masquerade,2,,Knock Out Collection,,,,No,,,Surging Sparks,,,,,,,,,,Hits,,,,,,All the packs are on the first set. Move some across the Packs columns if they came from different sets.
EOFAhFwJKqw,Only Garbage Rips 😬 | Paradox Rift Blister Packs,2026-02-03,237,1:15,,Paradox Rift,2,,Blister,,,,Yes,Paradox Rift - Tsareena ex - Double Black Star - Double Rare,,,,,,,,,,,,,,,,,,
l6RPdGNs7uE,Only Garbage Rips from the Mega Kangaskhan ex Box,2026-02-02,1180,1:07,,Mega Evolution,4,,ex Premium Collection,,,,Yes,"Mega Kangakhan ex - Black Star Promo , Mega Evolution - Spearow - Single Gold Star - Illustration Rare,",,Destined Rivals,,,,,,,,,,Hits,,,,,,All the packs are on the first set. Move some across the Packs columns if they came from different sets.
kj7532tb0_I,Only Garbage Rips from the Latest Costco Charizard UPC Drop,2026-02-01,89,6:56,,Phantasmal Flames,18,,UPC (Ultra Premium Collection),,,,Yes,"Phantasmal Flames - Trainer - Dawn - Double Silver Star - Ultra Rare, Phantasmal Flames - Mega Gengar ex - Double Black Star - Double Rare , Mega Evolution - Mega Gardevoir ex - Double Silver Star - Ultra Rare , Mega Evolution - Mega Venusaur ex - Double Black Star - Double Rare , Mega Evolution - Marshadow - Single Gold Star - Illustration Rare ,  Destined Rivals - Cetitan ex - Double Black Star , Destined Rivals - Rotom - Single Gold Star - Illustration Rare, Journey Together - Noibat - Single Gold Star - Illustration Rare, Journey Together - Trainer - Brock's Scouting - Double Silver Star - Ultra Rare , Journey Together - Blaziken ex - Double Black Star - Double Rare, Surging Sparks - Trainer - Scramble Switch - Single Pink Star -  ACE SPEC Rare , Surging Sparks - Trainer - Cyrano - Double Silver Star - Ultra Rare, Phantasmal Falmes - Charizard X ex - Black Star Promo Card , Phantasmal Flames - Oricorio ex - Black Star Promo Card",More than one,Destined Rivals,,Surging Sparks,,Mega Evolution,,,,,,Hits,,,,,,All the packs are on the first set. Move some across the Packs columns if they came from different sets.
TN7_ZsuRQSI,Only Garbage Rips from the Pokémon Fall 2025 Collector Chest,2026-02-01,1404,2:14,,Mega Evolution,6,Fall 2025 Collector Chest,Tin,,,,Yes,"Mega Evolution - Stufful - Single Gold star - Illustration Rare , Destined Rivals - Marnie's Grimmsnarl ex , Double Black Star - Double Rare , Journey Together - Wailord - Single Gold Star - Illustration Rare",More than one,Destined Rivals,,Journey Together,,,,,,,,Hits,,,,,,All the packs are on the first set. Move some across the Packs columns if they came from different sets.
